{
    "zoneShortName": {
    "AD": {
        "zoneName": "Andorra"
      },
      "AE": {
        "zoneName": "United Arab Emirates"
      },
      "AF": {
        "zoneName": "Afghanistan"
      },
      "AG": {
        "zoneName": "Antigua and Barbuda"
      },
      "AI": {
        "zoneName": "Anguilla"
      },
      "AL": {
        "zoneName": "Albania"
      },
      "AM": {
        "zoneName": "Armenia"
      },
      "AO": {
        "zoneName": "Angola"
      },
      "AQ": {
        "zoneName": "Antarctica"
      },
      "AS": {
        "zoneName": "American Samoa"
      },
      "AT": {
        "zoneName": "Austria"
      },
      "AR": {
        "zoneName": "Argentina"
      },
      "AUS-NSW": {
        "countryName": "Australia",
        "zoneName": "New South Wales"
      },
      "AUS-NT": {
        "countryName": "Australia",
        "zoneName": "Northern Territory"
      },
      "AUS-QLD": {
        "countryName": "Australia",
        "zoneName": "Queensland"
      },
      "AUS-SA": {
        "countryName": "Australia",
        "zoneName": "South Australia"
      },
      "AUS-TAS": {
        "countryName": "Australia",
        "zoneName": "Tasmania"
      },
      "AUS-TAS-KI": {
        "countryName": "Tasmania",
        "zoneName": "King Island"
      },
      "AUS-VIC": {
        "countryName": "Australia",
        "zoneName": "Victoria"
      },
      "AUS-WA": {
        "countryName": "Australia",
        "zoneName": "Western Australia"
      },
      "AW": {
        "zoneName": "Aruba"
      },
      "AX": {
        "zoneName": "Åland Islands"
      },
      "AZ": {
        "zoneName": "Azerbaijan"
      },
      "BA": {
        "zoneName": "Bosnia and Herzegovina"
      },
      "BB": {
        "zoneName": "Barbados"
      },
      "BD": {
        "zoneName": "Bangladesh"
      },
      "BE": {
        "zoneName": "Belgium"
      },
      "BF": {
        "zoneName": "Burkina Faso"
      },
      "BG": {
        "zoneName": "Bulgaria"
      },
      "BH": {
        "zoneName": "Bahrain"
      },
      "BI": {
        "zoneName": "Burundi"
      },
      "BJ": {
        "zoneName": "Benin"
      },
      "BM": {
        "zoneName": "Bermuda"
      },
      "BN": {
        "zoneName": "Brunei"
      },
      "BO": {
        "zoneName": "Bolivia"
      },
      "BQ": {
        "zoneName": "Bonaire, Sint Eustatius and Saba"
      },
      "BR-CS": {
        "countryName": "Brazil",
        "zoneName": "Central Brazil"
      },
      "BR-N": {
        "countryName": "Brazil",
        "zoneName": "North Brazil"
      },
      "BR-NE": {
        "countryName": "Brazil",
        "zoneName": "North-East Brazil"
      },
      "BR-S": {
        "countryName": "Brazil",
        "zoneName": "South Brazil"
      },
      "BS": {
        "zoneName": "Bahamas"
      },
      "BT": {
        "zoneName": "Bhutan"
      },
      "BV": {
        "zoneName": "Bouvet Island"
      },
      "BW": {
        "zoneName": "Botswana"
      },
      "BY": {
        "zoneName": "Belarus"
      },
      "BZ": {
        "zoneName": "Belize"
      },
      "CA-AB": {
        "countryName": "Canada",
        "zoneName": "Alberta"
      },
      "CA-BC": {
        "countryName": "Canada",
        "zoneName": "British Columbia"
      },
      "CA-MB": {
        "countryName": "Canada",
        "zoneName": "Manitoba"
      },
      "CA-NL": {
        "countryName": "Canada",
        "zoneName": "Newfoundland and Labrador"
      },
      "CA-NB": {
        "countryName": "Canada",
        "zoneName": "New Brunswick"
      },
      "CA-NT": {
        "countryName": "Canada",
        "zoneName": "Northwest Territories"
      },
      "CA-NS": {
        "countryName": "Canada",
        "zoneName": "Nova Scotia"
      },
      "CA-NU": {
        "countryName": "Canada",
        "zoneName": "Nunavut"
      },
      "CA-ON": {
        "countryName": "Canada",
        "zoneName": "Ontario"
      },
      "CA-PE": {
        "countryName": "Canada",
        "zoneName": "Prince Edward Island"
      },
      "CA-QC": {
        "countryName": "Canada",
        "zoneName": "Québec"
      },
      "CA-SK": {
        "countryName": "Canada",
        "zoneName": "Saskatchewan"
      },
      "CA-YT": {
        "countryName": "Canada",
        "zoneName": "Yukon"
      },
      "CC": {
        "zoneName": "Cocos Islands"
      },
      "CD": {
        "zoneName": "Democratic Republic of the Congo"
      },
      "CF": {
        "zoneName": "Central African Republic"
      },
      "CG": {
        "zoneName": "Congo"
      },
      "CH": {
        "zoneName": "Switzerland"
      },
      "CI": {
        "zoneName": "Ivory Coast"
      },
      "CK": {
        "zoneName": "Cook Islands"
      },
      "CL-SING-SIC": {
        "countryName": "Chile",
        "zoneName": "SING/SIC"
      },
      "CL-SEM": {
        "countryName": "Chile",
        "zoneName": "SEM"
      },
      "CL-SEA": {
        "countryName": "Chile",
        "zoneName": "SEA"
      },
      "CM": {
        "zoneName": "Cameroon"
      },
      "CN": {
        "zoneName": "China"
      },
      "CO": {
        "zoneName": "Colombia"
      },
      "CR": {
        "zoneName": "Costa Rica"
      },
      "CU": {
        "zoneName": "Cuba"
      },
      "CV": {
        "zoneName": "Cabo Verde"
      },
      "CW": {
        "zoneName": "Curaçao"
      },
      "CX": {
        "zoneName": "Christmas Island"
      },
      "CY": {
        "zoneName": "Cyprus"
      },
      "CZ": {
        "zoneName": "Czechia"
      },
      "DE": {
        "zoneName": "Germany"
      },
      "DJ": {
        "zoneName": "Djibouti"
      },
      "DK": {
        "zoneName": "Denmark"
      },
      "DK-DK1": {
        "countryName": "Denmark",
        "zoneName": "West Denmark"
      },
      "DK-DK2": {
        "countryName": "Denmark",
        "zoneName": "East Denmark"
      },
      "DK-BHM": {
        "countryName": "Denmark",
        "zoneName": "Bornholm"
      },
      "DM": {
        "zoneName": "Dominica"
      },
      "DO": {
        "zoneName": "Dominican Republic"
      },
      "DZ": {
        "zoneName": "Algeria"
      },
      "EC": {
        "zoneName": "Ecuador"
      },
      "EE": {
        "zoneName": "Estonia"
      },
      "EG": {
        "zoneName": "Egypt"
      },
      "EH": {
        "zoneName": "Western Sahara"
      },
      "ER": {
        "zoneName": "Eritrea"
      },
      "ES": {
        "zoneName": "Spain"
      },
      "ES-IB-FO": {
        "countryName": "Spain",
        "zoneName": "Formentera"
      },
      "ES-IB-IZ": {
        "countryName": "Spain",
        "zoneName": "Ibiza"
      },
      "ES-IB-MA": {
        "countryName": "Spain",
        "zoneName": "Mallorca"
      },
      "ES-IB-ME": {
        "countryName": "Spain",
        "zoneName": "Menorca"
      },
      "ES-CN-FVLZ": {
        "countryName": "Spain",
        "zoneName": "Fuerteventura/Lanzarote"
      },
      "ES-CN-GC": {
        "countryName": "Spain",
        "zoneName": "Gran Canaria"
      },
      "ES-CN-HI": {
        "countryName": "Spain",
        "zoneName": "El Hierro"
      },
      "ES-CN-IG": {
        "countryName": "Spain",
        "zoneName": "Isla de la Gomera"
      },
      "ES-CN-LP": {
        "countryName": "Spain",
        "zoneName": "La Palma"
      },
      "ES-CN-TE": {
        "countryName": "Spain",
        "zoneName": "Tenerife"
      },
      "ET": {
        "zoneName": "Ethiopia"
      },
      "FI": {
        "zoneName": "Finland"
      },
      "FJ": {
        "zoneName": "Fiji"
      },
      "FK": {
        "zoneName": "Falkland Islands"
      },
      "FM": {
        "zoneName": "Micronesia"
      },
      "FO": {
        "zoneName": "Faroe Islands"
      },
      "FR": {
        "zoneName": "France"
      },
      "FR-COR": {
        "countryName": "France",
        "zoneName": "Corsica"
      },
      "GA": {
        "zoneName": "Gabon"
      },
      "GB": {
        "zoneName": "Great Britain"
      },
      "GB-NIR": {
        "zoneName": "Northern Ireland"
      },
      "GB-ORK": {
        "countryName": "Great Britain",
        "zoneName": "Orkney Islands"
      },
      "GB-SHI": {
        "countryName": "Great Britain",
        "zoneName": "Shetland Islands"
      },
      "GB-ZET": {
        "countryName": "Great Britain",
        "zoneName": "Shetland Islands"
      },
      "GD": {
        "zoneName": "Grenada"
      },
      "GE": {
        "zoneName": "Georgia"
      },
      "GF": {
        "zoneName": "French Guiana"
      },
      "GG": {
        "zoneName": "Guernsey"
      },
      "GH": {
        "zoneName": "Ghana"
      },
      "GI": {
        "zoneName": "Gibraltar"
      },
      "GL": {
        "zoneName": "Greenland"
      },
      "GM": {
        "zoneName": "Gambia"
      },
      "GN": {
        "zoneName": "Guinea"
      },
      "GP": {
        "zoneName": "Guadeloupe"
      },
      "GQ": {
        "zoneName": "Equatorial Guinea"
      },
      "GR": {
        "zoneName": "Greece"
      },
      "GR-IS": {
        "countryName": "Greece",
        "zoneName": "Aegean Islands"
      },
      "GS": {
        "zoneName": "South Georgia and the South Sandwich Islands"
      },
      "GT": {
        "zoneName": "Guatemala"
      },
      "GU": {
        "zoneName": "Guam"
      },
      "GW": {
        "zoneName": "Guinea-Bissau"
      },
      "GY": {
        "zoneName": "Guyana"
      },
      "HK": {
        "zoneName": "Hong Kong"
      },
      "HM": {
        "zoneName": "Heard Island and McDonald Islands"
      },
      "HN": {
        "zoneName": "Honduras"
      },
      "HR": {
        "zoneName": "Croatia"
      },
      "HT": {
        "zoneName": "Haiti"
      },
      "HU": {
        "zoneName": "Hungary"
      },
      "ID": {
        "zoneName": "Indonesia"
      },
      "IE": {
        "zoneName": "Ireland"
      },
      "IL": {
        "zoneName": "Israel"
      },
      "IM": {
        "zoneName": "Isle of Man"
      },
      "IN-AN": {
        "countryName": "India",
        "zoneName": "Andaman and Nicobar Islands"
      },
      "IN-AP": {
        "countryName": "India",
        "zoneName": "Andhra Pradesh"
      },
      "IN-AR": {
        "countryName": "India",
        "zoneName": "Arunachal Pradesh"
      },
      "IN-AS": {
        "countryName": "India",
        "zoneName": "Assam"
      },
      "IN-BR": {
        "countryName": "India",
        "zoneName": "Bihar"
      },
      "IN-CT": {
        "countryName": "India",
        "zoneName": "Chhattisgarh"
      },
      "IN-DL": {
        "countryName": "India",
        "zoneName": "Delhi"
      },
      "IN-DN": {
        "countryName": "India",
        "zoneName": "Dadra and Nagar Haveli"
      },
      "IN-GA": {
        "countryName": "India",
        "zoneName": "Goa"
      },
      "IN-GJ": {
        "countryName": "India",
        "zoneName": "Gujarat"
      },
      "IN-HP": {
        "countryName": "India",
        "zoneName": "Himachal Pradesh"
      },
      "IN-HR": {
        "countryName": "India",
        "zoneName": "Haryana"
      },
      "IN-JH": {
        "countryName": "India",
        "zoneName": "Jharkhand"
      },
      "IN-JK": {
        "countryName": "India",
        "zoneName": "Jammu and Kashmir"
      },
      "IN-KA": {
        "countryName": "India",
        "zoneName": "Karnataka"
      },
      "IN-KL": {
        "countryName": "India",
        "zoneName": "Kerala"
      },
      "IN-MH": {
        "countryName": "India",
        "zoneName": "Maharashtra"
      },
      "IN-ML": {
        "countryName": "India",
        "zoneName": "Meghalaya"
      },
      "IN-MN": {
        "countryName": "India",
        "zoneName": "Manipur"
      },
      "IN-MP": {
        "countryName": "India",
        "zoneName": "Madhya Pradesh"
      },
      "IN-MZ": {
        "countryName": "India",
        "zoneName": "Mizoram"
      },
      "IN-NL": {
        "countryName": "India",
        "zoneName": "Nagaland"
      },
      "IN-OR": {
        "countryName": "India",
        "zoneName": "Orissa"
      },
      "IN-PB": {
        "countryName": "India",
        "zoneName": "Punjab"
      },
      "IN-PY": {
        "countryName": "India",
        "zoneName": "Pondicherry"
      },
      "IN-RJ": {
        "countryName": "India",
        "zoneName": "Rajasthan"
      },
      "IN-SK": {
        "countryName": "India",
        "zoneName": "Sikkim"
      },
      "IN-TN": {
        "countryName": "India",
        "zoneName": "Tamil Nadu"
      },
      "IN-TR": {
        "countryName": "India",
        "zoneName": "Tripura"
      },
      "IN-UP": {
        "countryName": "India",
        "zoneName": "Uttar Pradesh"
      },
      "IN-UT": {
        "countryName": "India",
        "zoneName": "Uttarakhand"
      },
      "IN-WB": {
        "countryName": "India",
        "zoneName": "West Bengal"
      },
      "IO": {
        "zoneName": "British Indian Ocean Territory"
      },
      "IQ": {
        "zoneName": "Iraq"
      },
      "IQ-KUR": {
        "countryName": "Iraq",
        "zoneName": "Kurdistan"
      },
      "IR": {
        "zoneName": "Iran"
      },
      "IS": {
        "zoneName": "Iceland"
      },
      "IT": {
        "zoneName": "Italy"
      },
      "IT-CNO": {
        "countryName": "Italy",
        "zoneName": "Central North"
      },
      "IT-CSO": {
        "countryName": "Italy",
        "zoneName": "Central South"
      },
      "IT-NO": {
        "countryName": "Italy",
        "zoneName": "North"
      },
      "IT-SAR": {
        "countryName": "Italy",
        "zoneName": "Sardinia"
      },
      "IT-SIC": {
        "countryName": "Italy",
        "zoneName": "Sicily"
      },
      "IT-SO": {
        "countryName": "Italy",
        "zoneName": "South"
      },
      "JE": {
        "zoneName": "Jersey"
      },
      "JM": {
        "zoneName": "Jamaica"
      },
      "JO": {
        "zoneName": "Jordan"
      },
      "JP-CB": {
        "countryName": "Japan",
        "zoneName": "Chūbu"
      },
      "JP-CG": {
        "countryName": "Japan",
        "zoneName": "Chūgoku"
      },
      "JP-HKD": {
        "countryName": "Japan",
        "zoneName": "Hokkaidō"
      },
      "JP-HR": {
        "countryName": "Japan",
        "zoneName": "Hokuriku"
      },
      "JP-KN": {
        "countryName": "Japan",
        "zoneName": "Kansai"
      },
      "JP-KY": {
        "countryName": "Japan",
        "zoneName": "Kyūshū"
      },
      "JP-ON": {
        "countryName": "Japan",
        "zoneName": "Okinawa"
      },
      "JP-SK": {
        "countryName": "Japan",
        "zoneName": "Shikoku"
      },
      "JP-TH": {
        "countryName": "Japan",
        "zoneName": "Tōhoku"
      },
      "JP-TK": {
        "countryName": "Japan",
        "zoneName": "Tōkyō"
      },
      "KE": {
        "zoneName": "Kenya"
      },
      "KG": {
        "zoneName": "Kyrgyzstan"
      },
      "KH": {
        "zoneName": "Cambodia"
      },
      "KI": {
        "zoneName": "Kiribati"
      },
      "KM": {
        "zoneName": "Comoros"
      },
      "KN": {
        "zoneName": "Saint Kitts and Nevis"
      },
      "KP": {
        "zoneName": "North Korea"
      },
      "KR": {
        "zoneName": "South Korea"
      },
      "KW": {
        "zoneName": "Kuwait"
      },
      "KY": {
        "zoneName": "Cayman Islands"
      },
      "KZ": {
        "zoneName": "Kazakhstan"
      },
      "LA": {
        "zoneName": "Laos"
      },
      "LB": {
        "zoneName": "Lebanon"
      },
      "LC": {
        "zoneName": "Saint Lucia"
      },
      "LI": {
        "zoneName": "Liechtenstein"
      },
      "LK": {
        "zoneName": "Sri Lanka"
      },
      "LR": {
        "zoneName": "Liberia"
      },
      "LS": {
        "zoneName": "Lesotho"
      },
      "LT": {
        "zoneName": "Lithuania"
      },
      "LU": {
        "zoneName": "Luxembourg"
      },
      "LV": {
        "zoneName": "Latvia"
      },
      "LY": {
        "zoneName": "Libya"
      },
      "MA": {
        "zoneName": "Morocco"
      },
      "MC": {
        "zoneName": "Monaco"
      },
      "MD": {
        "zoneName": "Moldova"
      },
      "ME": {
        "zoneName": "Montenegro"
      },
      "MF": {
        "countryName": "Saint Martin",
        "zoneName": "French"
      },
      "MG": {
        "zoneName": "Madagascar"
      },
      "MH": {
        "zoneName": "Marshall Islands"
      },
      "MK": {
        "countryName": "Rep. of Macedonia",
        "zoneName": "FYROM"
      },
      "ML": {
        "zoneName": "Mali"
      },
      "MM": {
        "zoneName": "Myanmar"
      },
      "MN": {
        "zoneName": "Mongolia"
      },
      "MO": {
        "zoneName": "Macao"
      },
      "MP": {
        "zoneName": "Northern Mariana Islands"
      },
      "MQ": {
        "zoneName": "Martinique"
      },
      "MR": {
        "zoneName": "Mauritania"
      },
      "MS": {
        "zoneName": "Montserrat"
      },
      "MT": {
        "zoneName": "Malta"
      },
      "MU": {
        "zoneName": "Mauritius"
      },
      "MV": {
        "zoneName": "Maldives"
      },
      "MW": {
        "zoneName": "Malawi"
      },
      "MX": {
        "zoneName": "Mexico"
      },
      "MX-BC": {
        "countryName": "Mexico",
        "zoneName": "Baja California"
      },
      "MX-CE": {
        "countryName": "Mexico",
        "zoneName": "Central"
      },
      "MX-NE": {
        "countryName": "Mexico",
        "zoneName": "North East"
      },
      "MX-NO": {
        "countryName": "Mexico",
        "zoneName": "North"
      },
      "MX-NW": {
        "countryName": "Mexico",
        "zoneName": "North West"
      },
      "MX-OC": {
        "countryName": "Mexico",
        "zoneName": "Occidental"
      },
      "MX-OR": {
        "countryName": "Mexico",
        "zoneName": "Oriental"
      },
      "MX-PN": {
        "countryName": "Mexico",
        "zoneName": "Peninsula"
      },
      "MY-EM": {
        "countryName": "Malaysia",
        "zoneName": "Borneo"
      },
      "MY-WM": {
        "countryName": "Malaysia",
        "zoneName": "Peninsula"
      },
      "MZ": {
        "zoneName": "Mozambique"
      },
      "NA": {
        "zoneName": "Namibia"
      },
      "NC": {
        "zoneName": "New Caledonia"
      },
      "NE": {
        "zoneName": "Niger"
      },
      "NF": {
        "zoneName": "Norfolk Island"
      },
      "NG": {
        "zoneName": "Nigeria"
      },
      "NI": {
        "zoneName": "Nicaragua"
      },
      "NKR": {
        "zoneName": "Nagorno-Karabakh"
      },
      "NL": {
        "zoneName": "Netherlands"
      },
      "NO-NO1": {
        "countryName": "Norway",
        "zoneName": "Southeast Norway"
      },
      "NO-NO2": {
        "countryName": "Norway",
        "zoneName": "Southwest Norway"
      },
      "NO-NO3": {
        "countryName": "Norway",
        "zoneName": "Middle Norway"
      },
      "NO-NO4": {
        "countryName": "Norway",
        "zoneName": "North Norway"
      },
      "NO-NO5": {
        "countryName": "Norway",
        "zoneName": "West Norway"
      },
      "NP": {
        "zoneName": "Nepal"
      },
      "NR": {
        "zoneName": "Nauru"
      },
      "NU": {
        "zoneName": "Niue"
      },
      "NZ-NZA": {
        "countryName": "New Zealand",
        "zoneName": "Auckland Islands"
      },
      "NZ-NZC": {
        "countryName": "New Zealand",
        "zoneName": "Chatham Islands"
      },
      "NZ-NZN": {
        "countryName": "New Zealand",
        "zoneName": "North Island"
      },
      "NZ-NZS": {
        "countryName": "New Zealand",
        "zoneName": "South Island"
      },
      "OM": {
        "zoneName": "Oman"
      },
      "PA": {
        "zoneName": "Panama"
      },
      "PE": {
        "zoneName": "Peru"
      },
      "PF": {
        "zoneName": "French Polynesia"
      },
      "PG": {
        "zoneName": "Papua New Guinea"
      },
      "PH": {
        "zoneName": "Philippines"
      },
      "PK": {
        "zoneName": "Pakistan"
      },
      "PL": {
        "zoneName": "Poland"
      },
      "PM": {
        "zoneName": "Saint Pierre and Miquelon"
      },
      "PN": {
        "zoneName": "Pitcairn"
      },
      "PR": {
        "zoneName": "Puerto Rico"
      },
      "PS": {
        "zoneName": "State of Palestine"
      },
      "PT": {
        "zoneName": "Portugal"
      },
      "PT-AC": {
        "countryName": "Portugal",
        "zoneName": "Azores"
      },
      "PT-MA": {
        "countryName": "Portugal",
        "zoneName": "Madeira"
      },
      "PW": {
        "zoneName": "Palau"
      },
      "PY": {
        "zoneName": "Paraguay"
      },
      "QA": {
        "zoneName": "Qatar"
      },
      "RE": {
        "zoneName": "Réunion"
      },
      "RO": {
        "zoneName": "Romania"
      },
      "RS": {
        "zoneName": "Serbia"
      },
      "RU": {
        "zoneName": "Russia"
      },
      "RU-1": {
        "countryName": "Russia",
        "zoneName": "European Russia and Ural"
      },
      "RU-2": {
        "countryName": "Russia",
        "zoneName": "Siberia"
      },
      "RU-EU": {
        "zoneName": "Russia"
      },
      "RU-AS": {
        "zoneName": "Russia"
      },
      "RU-KGD": {
        "countryName": "Russia",
        "zoneName": "Kaliningrad"
      },
      "RW": {
        "zoneName": "Rwanda"
      },
      "SA": {
        "zoneName": "Saudi Arabia"
      },
      "SB": {
        "zoneName": "Solomon Islands"
      },
      "SC": {
        "zoneName": "Seychelles"
      },
      "SD": {
        "zoneName": "Sudan"
      },
      "SE": {
        "zoneName": "Sweden"
      },
      "SG": {
        "zoneName": "Singapore"
      },
      "SH": {
        "zoneName": "Saint Helena, Ascension and Tristan da Cunha"
      },
      "SI": {
        "zoneName": "Slovenia"
      },
      "SJ": {
        "zoneName": "Svalbard and Jan Mayen"
      },
      "SK": {
        "zoneName": "Slovakia"
      },
      "SL": {
        "zoneName": "Sierra Leone"
      },
      "SM": {
        "zoneName": "San Marino"
      },
      "SN": {
        "zoneName": "Senegal"
      },
      "SO": {
        "zoneName": "Somalia"
      },
      "SR": {
        "zoneName": "Suriname"
      },
      "SS": {
        "zoneName": "South Sudan"
      },
      "ST": {
        "zoneName": "Sao Tome and Principe"
      },
      "SV": {
        "zoneName": "El Salvador"
      },
      "SX": {
        "countryName": "Sint Maarten",
        "zoneName": "Dutch"
      },
      "SY": {
        "zoneName": "Syria"
      },
      "SZ": {
        "zoneName": "Swaziland"
      },
      "TC": {
        "zoneName": "Turks and Caicos Islands"
      },
      "TD": {
        "zoneName": "Chad"
      },
      "TF": {
        "zoneName": "French Southern Territories"
      },
      "TG": {
        "zoneName": "Togo"
      },
      "TH": {
        "zoneName": "Thailand"
      },
      "TJ": {
        "zoneName": "Tajikistan"
      },
      "TK": {
        "zoneName": "Tokelau"
      },
      "TL": {
        "zoneName": "Timor-Leste"
      },
      "TM": {
        "zoneName": "Turkmenistan"
      },
      "TN": {
        "zoneName": "Tunisia"
      },
      "TO": {
        "zoneName": "Tonga"
      },
      "TR": {
        "zoneName": "Turkey"
      },
      "TT": {
        "zoneName": "Trinidad and Tobago"
      },
      "TV": {
        "zoneName": "Tuvalu"
      },
      "TW": {
        "zoneName": "Taiwan"
      },
      "TZ": {
        "zoneName": "Tanzania"
      },
      "UA": {
        "zoneName": "Ukraine"
      },
      "UA-CR": {
        "countryName": "Crimea",
        "zoneName": "Ukraine"
      },
      "UG": {
        "zoneName": "Uganda"
      },
      "UM": {
        "zoneName": "United States Minor Outlying Islands"
      },
      "US": {
        "zoneName": "United States of America"
      },
      "US-AL": {
        "countryName": "United States of America",
        "zoneName": "Alabama"
      },
      "US-BPA": {
        "countryName": "United States of America",
        "zoneName": "BPA"
      },
      "US-CA": {
        "countryName": "United States of America",
        "zoneName": "California"
      },
      "US-HI-HA": {
        "countryName": "United States of America",
        "zoneName": "Hawaii"
      },
      "US-HI-KA": {
        "countryName": "United States of America",
        "zoneName": "Kauai"
      },
      "US-HI-KH": {
        "countryName": "United States of America",
        "zoneName": "Kahoolawe"
      },
      "US-HI-LA": {
        "countryName": "United States of America",
        "zoneName": "Lanai"
      },
      "US-HI-MA": {
        "countryName": "United States of America",
        "zoneName": "Maui"
      },
      "US-HI-MO": {
        "countryName": "United States of America",
        "zoneName": "Molokai"
      },
      "US-HI-NI": {
        "countryName": "United States of America",
        "zoneName": "Niihau"
      },
      "US-HI-OA": {
        "countryName": "United States of America",
        "zoneName": "Oahu"
      },
      "US-IPC": {
        "countryName": "United States of America",
        "zoneName": "IPC"
      },
      "US-MISO": {
        "countryName": "United States of America",
        "zoneName": "MISO"
      },
      "US-NC": {
        "countryName": "United States of America",
        "zoneName": "North Carolina"
      },
      "US-NEISO": {
        "countryName": "United States of America",
        "zoneName": "New England"
      },
      "US-NV": {
        "countryName": "United States of America",
        "zoneName": "Nevada"
      },
      "US-NY": {
        "countryName": "United States of America",
        "zoneName": "New York"
      },
      "US-OR": {
        "countryName": "United States of America",
        "zoneName": "Oregon"
      },
      "US-PJM": {
        "countryName": "United States of America",
        "zoneName": "PJM"
      },
      "US-SC": {
        "countryName": "United States of America",
        "zoneName": "South Carolina"
      },
      "US-SPP": {
        "countryName": "United States of America",
        "zoneName": "SPP"
      },
      "US-SVERI":{
        "countryName": "United States of America",
        "zoneName": "SVERI"
      },
      "US-TN": {
        "countryName": "United States of America",
        "zoneName": "Tennessee"
      },
      "US-TX": {
        "countryName": "United States of America",
        "zoneName": "ERCOT"
      },
      "UY": {
        "zoneName": "Uruguay"
      },
      "UZ": {
        "zoneName": "Uzbekistan"
      },
      "VA": {
        "zoneName": "Vatican City"
      },
      "VC": {
        "zoneName": "Saint Vincent and the Grenadines"
      },
      "VE": {
        "zoneName": "Venezuela"
      },
      "VG": {
        "countryName": "Virgin Islands",
        "zoneName": "Virgin Islands"
      },
      "VI": {
        "countryName": "United States of America",
        "zoneName": "Virgin Islands"
      },
      "VN": {
        "zoneName": "Vietnam"
      },
      "VU": {
        "zoneName": "Vanuatu"
      },
      "WF": {
        "zoneName": "Wallis and Futuna"
      },
      "WS": {
        "zoneName": "Samoa"
      },
      "XX": {
        "zoneName": "Northern Cyprus"
      },
      "YE": {
        "zoneName": "Yemen"
      },
      "YT": {
        "zoneName": "Mayotte"
      },
      "ZA": {
        "zoneName": "South Africa"
      },
      "ZM": {
        "zoneName": "Zambia"
      },
      "ZW": {
        "zoneName": "Zimbabwe"
      }
}
}