,year,zone_name,lat,lon,carbon_intensity_avg
0,2017,New South Wales,-31.8759835,147.2869493,725.9916674
1,2018,New South Wales,-31.8759835,147.2869493,717.2494176
2,2019,New South Wales,-31.8759835,147.2869493,724.6863533
3,2020,New South Wales,-31.8759835,147.2869493,676.1
4,2021,New South Wales,-31.8759835,147.2869493,673.88
5,2017,Queensland,-22.1646782,144.5844903,766.6911518
6,2018,Queensland,-22.1646782,144.5844903,754.8681483
7,2019,Queensland,-22.1646782,144.5844903,748.5187482
8,2020,Queensland,-22.1646782,144.5844903,709.96
9,2021,Queensland,-22.1646782,144.5844903,707.96
10,2017,South Australia,-30.5343665,135.6301212,336.4917457
11,2018,South Australia,-30.5343665,135.6301212,307.6695495
12,2019,South Australia,-30.5343665,135.6301212,301.807806
13,2020,South Australia,-30.5343665,135.6301212,232.31
14,2021,South Australia,-30.5343665,135.6301212,268.52
15,2017,Tasmania,-42.035067,146.6366887,128.6363536
16,2018,Tasmania,-42.035067,146.6366887,86.40150805
17,2019,Tasmania,-42.035067,146.6366887,113.3050594
18,2020,Tasmania,-42.035067,146.6366887,259.86
19,2021,Tasmania,-42.035067,146.6366887,89.03
20,2017,Victoria,-36.5986096,144.6780052,682.3460016
21,2018,Victoria,-36.5986096,144.6780052,674.8512768
22,2019,Victoria,-36.5986096,144.6780052,664.9763699
23,2020,Victoria,-36.5986096,144.6780052,600.51
24,2021,Victoria,-36.5986096,144.6780052,580.73
25,2017,Western Australia,-25.2303005,121.0187246,611.2826759
26,2018,Western Australia,-25.2303005,121.0187246,602.6911659
27,2019,Western Australia,-25.2303005,121.0187246,574.6840559
28,2020,Western Australia,-25.2303005,121.0187246,426.97
29,2021,Western Australia,-25.2303005,121.0187246,480.3
30,2017,Central Brazil,-16.070333,-57.677687,143.7607549
31,2018,Central Brazil,-16.070333,-57.677687,106.1092523
32,2019,Central Brazil,-16.070333,-57.677687,109.0155514
33,2020,Central Brazil,-16.070333,-57.677687,132.19
34,2021,Central Brazil,-16.070333,-57.677687,166.03
35,2017,North Brazil,-3.1070168,-60.0203408,309.329479
36,2018,North Brazil,-3.1070168,-60.0203408,177.2270358
37,2019,North Brazil,-3.1070168,-60.0203408,169.4075899
38,2020,North Brazil,-3.1070168,-60.0203408,228.35
39,2021,North Brazil,-3.1070168,-60.0203408,180.63
40,2017,North-East Brazil,-9.57166435,-40.96105177,240.0231199
41,2018,North-East Brazil,-9.57166435,-40.96105177,174.4660189
42,2019,North-East Brazil,-9.57166435,-40.96105177,145.5749495
43,2020,North-East Brazil,-9.57166435,-40.96105177,107.03
44,2021,North-East Brazil,-9.57166435,-40.96105177,146.01
45,2017,South Brazil,-38.846751,-66.419486,122.9151017
46,2018,South Brazil,-38.846751,-66.419486,106.345731
47,2019,South Brazil,-38.846751,-66.419486,112.8332479
48,2020,South Brazil,-38.846751,-66.419486,170.76
49,2021,South Brazil,-38.846751,-66.419486,170.87
50,2017,Alberta,55.001251,-115.002136,600.6660355
51,2018,Alberta,55.001251,-115.002136,569.1211087
52,2019,Alberta,55.001251,-115.002136,572.174567
53,2020,Alberta,55.001251,-115.002136,531.53
54,2021,Alberta,55.001251,-115.002136,507.27
55,2017,Nova Scotia,45.1960403,-63.1653789,557.7545272
56,2018,Nova Scotia,45.1960403,-63.1653789,531.6378676
57,2019,Nova Scotia,45.1960403,-63.1653789,524.0309974
58,2020,Nova Scotia,45.1960403,-63.1653789,479.56
59,2021,Nova Scotia,45.1960403,-63.1653789,81.02
60,2018,Ontario,50.000678,-86.000977,51.91897984
61,2019,Ontario,50.000678,-86.000977,52.89702006
62,2020,Ontario,50.000678,-86.000977,43.4
63,2021,Ontario,50.000678,-86.000977,54.84
64,2017,Prince Edward Island,46.5036807,-63.59541097,60.44316023
65,2018,Prince Edward Island,46.5036807,-63.59541097,177.8817756
66,2019,Prince Edward Island,46.5036807,-63.59541097,183.5949947
67,2020,Prince Edward Island,46.5036807,-63.59541097,124.91
68,2021,Prince Edward Island,46.5036807,-63.59541097,144.88
69,2017,Yukon,63.000147,-136.002502,40.98239758
70,2018,Yukon,63.000147,-136.002502,72.61218353
71,2019,Yukon,63.000147,-136.002502,122.6711284
72,2020,Yukon,63.000147,-136.002502,59.93
73,2021,Yukon,63.000147,-136.002502,51.11
74,2014,Bornholm,55.1432481,14.92257281,52.07454753
75,2015,Bornholm,55.1432481,14.92257281,41.7483766
76,2016,Bornholm,55.1432481,14.92257281,57.02825111
77,2017,Bornholm,55.1432481,14.92257281,44.18208286
78,2018,Bornholm,55.1432481,14.92257281,56.02340824
79,2019,Bornholm,55.1432481,14.92257281,59.1104047
80,2020,Bornholm,55.1432481,14.92257281,57.4
81,2021,Bornholm,55.1432481,14.92257281,56.4
82,2014,West Denmark,56.259049,8.590149,284.1649171
83,2015,West Denmark,56.259049,8.590149,222.7630219
84,2016,West Denmark,56.259049,8.590149,277.9965561
85,2017,West Denmark,56.259049,8.590149,192.9533457
86,2018,West Denmark,56.259049,8.590149,216.1726897
87,2019,West Denmark,56.259049,8.590149,201.8148847
88,2020,West Denmark,56.259049,8.590149,143.01
89,2021,West Denmark,56.259049,8.590149,193.99
90,2014,East Denmark,56.272822,10.118762,373.8376532
91,2015,East Denmark,56.272822,10.118762,244.2175984
92,2016,East Denmark,56.272822,10.118762,326.2955813
93,2017,East Denmark,56.272822,10.118762,222.338417
94,2018,East Denmark,56.272822,10.118762,255.7970185
95,2019,East Denmark,56.272822,10.118762,186.441604
96,2020,East Denmark,56.272822,10.118762,148.72
97,2021,East Denmark,56.272822,10.118762,191.95
98,2018,Fuerteventura/Lanzarote,28.7404521,-13.862469,598.8922114
99,2019,Fuerteventura/Lanzarote,28.7404521,-13.862469,575.5510053
100,2020,Fuerteventura/Lanzarote,28.7404521,-13.862469,593.5
101,2021,Fuerteventura/Lanzarote,28.7404521,-13.862469,547.37
102,2018,Gran Canaria,27.9580004,-15.60623054,498.8914581
103,2019,Gran Canaria,27.9580004,-15.60623054,472.2256368
104,2020,Gran Canaria,27.9580004,-15.60623054,559.58
105,2021,Gran Canaria,27.9580004,-15.60623054,501.67
106,2018,El Hierro,27.74350835,-18.03817962,278.0959555
107,2019,El Hierro,27.74350835,-18.03817962,284.8031446
108,2020,El Hierro,27.74350835,-18.03817962,413.66
109,2021,El Hierro,27.74350835,-18.03817962,295.73
110,2018,Isla de la Gomera,40.6641169,-3.7666379,650
111,2019,Isla de la Gomera,40.6641169,-3.7666379,650
112,2020,Isla de la Gomera,40.6641169,-3.7666379,650
113,2021,Isla de la Gomera,40.6641169,-3.7666379,650
114,2018,La Palma,28.6552318,-17.85732234,578.6246163
115,2019,La Palma,28.6552318,-17.85732234,579.6679118
116,2020,La Palma,28.6552318,-17.85732234,601.72
117,2021,La Palma,28.6552318,-17.85732234,582.41
118,2018,Tenerife,28.2935785,-16.62144712,514.1835351
119,2019,Tenerife,28.2935785,-16.62144712,459.7062119
120,2020,Tenerife,28.2935785,-16.62144712,539.08
121,2021,Tenerife,28.2935785,-16.62144712,512.82
122,2018,Formentera,38.7063909,1.433526559,545.568393
123,2019,Formentera,38.7063909,1.433526559,493.9366085
124,2020,Formentera,38.7063909,1.433526559,417.76
125,2021,Formentera,38.7063909,1.433526559,423.19
126,2018,Ibiza,38.9743901,1.419746318,573.8095648
127,2019,Ibiza,38.9743901,1.419746318,540.9365955
128,2020,Ibiza,38.9743901,1.419746318,435.85
129,2021,Ibiza,38.9743901,1.419746318,445.69
130,2018,Mallorca,39.613432,2.880353636,567.2795876
131,2019,Mallorca,39.613432,2.880353636,513.1691075
132,2020,Mallorca,39.613432,2.880353636,421.3
133,2021,Mallorca,39.613432,2.880353636,392.86
134,2018,Menorca,39.94918695,4.052951557,581.8441632
135,2019,Menorca,39.94918695,4.052951557,559.8366937
136,2020,Menorca,39.94918695,4.052951557,558.62
137,2021,Menorca,39.94918695,4.052951557,543.87
138,2017,Andhra Pradesh,15.9240905,80.1863809,615.9295464
139,2018,Andhra Pradesh,15.9240905,80.1863809,568.4435523
140,2019,Andhra Pradesh,15.9240905,80.1863809,570.6896173
141,2020,Andhra Pradesh,15.9240905,80.1863809,563
142,2021,Andhra Pradesh,15.9240905,80.1863809,524.23
143,2017,Chhattisgarh,21.6637359,81.8406351,817.7880341
144,2018,Chhattisgarh,21.6637359,81.8406351,812.3667262
145,2019,Chhattisgarh,21.6637359,81.8406351,812.3847756
146,2020,Chhattisgarh,21.6637359,81.8406351,803.35
147,2021,Chhattisgarh,21.6637359,81.8406351,807.75
148,2017,Delhi,28.6273928,77.1716954,516.3633858
149,2018,Delhi,28.6273928,77.1716954,525.322092
150,2019,Delhi,28.6273928,77.1716954,460.3131348
151,2020,Delhi,28.6273928,77.1716954,476.12
152,2021,Delhi,28.6273928,77.1716954,475.57
153,2018,Gujarat,22.3850051,71.745261,611.9258592
154,2020,Gujarat,22.3850051,71.745261,
155,2021,Gujarat,22.3850051,71.745261,
156,2017,Karnataka,14.5203896,75.7223521,572.2960707
157,2018,Karnataka,14.5203896,75.7223521,472.0532917
158,2019,Karnataka,14.5203896,75.7223521,391.442208
159,2020,Karnataka,14.5203896,75.7223521,381.59
160,2021,Karnataka,14.5203896,75.7223521,478.18
161,2017,Punjab,30.9293211,75.5004841,683.2298321
162,2018,Punjab,30.9293211,75.5004841,689.052811
163,2019,Punjab,30.9293211,75.5004841,650.7163528
164,2020,Punjab,30.9293211,75.5004841,601.18
165,2021,Punjab,30.9293211,75.5004841,700.46
166,2018,Uttar Pradesh,27.1303344,80.859666,666.3809035
167,2019,Uttar Pradesh,27.1303344,80.859666,664.3899237
168,2020,Uttar Pradesh,27.1303344,80.859666,737.22
169,2021,Uttar Pradesh,27.1303344,80.859666,736.32
170,2018,Uttarakhand,30.0417376,79.089691,336.3553664
171,2020,Uttarakhand,30.0417376,79.089691,
172,2021,Uttarakhand,30.0417376,79.089691,
173,2015,Central South,41.132309,15.076337,527.3061474
174,2016,Central South,41.132309,15.076337,508.9676076
175,2017,Central South,41.132309,15.076337,504.0194867
176,2018,Central South,41.132309,15.076337,410.3159804
177,2019,Central South,41.132309,15.076337,391.6703764
178,2020,Central South,41.132309,15.076337,409.87
179,2021,Central South,41.132309,15.076337,350.48
180,2015,North,45.701351,10.168439,360.9588795
181,2016,North,45.701351,10.168439,411.5144735
182,2017,North,45.701351,10.168439,400.7444745
183,2018,North,45.701351,10.168439,368.6226418
184,2019,North,45.701351,10.168439,329.4027308
185,2020,North,45.701351,10.168439,294.65
186,2021,North,45.701351,10.168439,280.76
187,2015,Sardinia,40.0912813,9.0305773,576.77291
188,2016,Sardinia,40.0912813,9.0305773,561.347542
189,2017,Sardinia,40.0912813,9.0305773,592.0160276
190,2018,Sardinia,40.0912813,9.0305773,586.5109977
191,2019,Sardinia,40.0912813,9.0305773,506.6227924
192,2020,Sardinia,40.0912813,9.0305773,511.4
193,2021,Sardinia,40.0912813,9.0305773,479.21
194,2015,Sicily,37.587794,14.155048,431.8090755
195,2016,Sicily,37.587794,14.155048,384.4872623
196,2017,Sicily,37.587794,14.155048,379.5440997
197,2018,Sicily,37.587794,14.155048,340.2604429
198,2019,Sicily,37.587794,14.155048,355.980965
199,2020,Sicily,37.587794,14.155048,369.07
200,2021,Sicily,37.587794,14.155048,342.6
201,2015,South,40.417224,16.284694,299.8463556
202,2016,South,40.417224,16.284694,312.5896838
203,2017,South,40.417224,16.284694,313.7483453
204,2018,South,40.417224,16.284694,293.1379385
205,2019,South,40.417224,16.284694,367.4118328
206,2020,South,40.417224,16.284694,375.59
207,2021,South,40.417224,16.284694,336.63
208,2016,Chubu,35.975441,137.725758,462.8812027
209,2017,Chubu,35.975441,137.725758,464.376107
210,2018,Chubu,35.975441,137.725758,454.5890522
211,2019,Chubu,35.975441,137.725758,456.2517135
212,2020,Chubu,35.975441,137.725758,
213,2021,Chubu,35.975441,137.725758,
214,2016,Hokuriku,36.940457,137.559098,509.9404283
215,2017,Hokuriku,36.940457,137.559098,490.4354519
216,2018,Hokuriku,36.940457,137.559098,484.7647833
217,2019,Hokuriku,36.940457,137.559098,481.1768297
218,2020,Hokuriku,36.940457,137.559098,
219,2021,Hokuriku,36.940457,137.559098,
220,2016,Kansai,34.628326,135.813826,592.1784358
221,2017,Kansai,34.628326,135.813826,544.2161852
222,2018,Kansai,34.628326,135.813826,462.8932924
223,2019,Kansai,34.628326,135.813826,447.7367628
224,2020,Kansai,34.628326,135.813826,481.45
225,2021,Kansai,34.628326,135.813826,483.37
226,2016,Okinawa,26.4748948,127.9114687,671.4747987
227,2017,Okinawa,26.4748948,127.9114687,667.1936255
228,2018,Okinawa,26.4748948,127.9114687,664.710904
229,2019,Okinawa,26.4748948,127.9114687,666.8791701
230,2020,Okinawa,26.4748948,127.9114687,
231,2021,Okinawa,26.4748948,127.9114687,
232,2016,Shikoku,33.560875,133.3718857,531.6951417
233,2017,Shikoku,33.560875,133.3718857,512.9755701
234,2018,Shikoku,33.560875,133.3718857,550.4761339
235,2019,Shikoku,33.560875,133.3718857,463.781717
236,2020,Shikoku,33.560875,133.3718857,
237,2021,Shikoku,33.560875,133.3718857,
238,2016,Tokyo,35.685899,139.711934,636.7341589
239,2017,Tokyo,35.685899,139.711934,625.4546787
240,2018,Tokyo,35.685899,139.711934,617.9414226
241,2019,Tokyo,35.685899,139.711934,606.2187907
242,2020,Tokyo,35.685899,139.711934,581.45
243,2021,Tokyo,35.685899,139.711934,575.73
244,2017,Peninsula Malaysia,3.95977,102.437389,628.4026454
245,2018,Peninsula Malaysia,3.95977,102.437389,658.4156593
246,2019,Peninsula Malaysia,3.95977,102.437389,660.7738129
247,2020,Peninsula Malaysia,3.95977,102.437389,674.7
248,2021,Peninsula Malaysia,3.95977,102.437389,661.95
249,2014,Southeast Norway,59.470814,9.402864,31.23899064
250,2015,Southeast Norway,59.470814,9.402864,32.17588992
251,2016,Southeast Norway,59.470814,9.402864,32.43585836
252,2017,Southeast Norway,59.470814,9.402864,34.05180819
253,2018,Southeast Norway,59.470814,9.402864,38.10118059
254,2019,Southeast Norway,59.470814,9.402864,37.92143295
255,2020,Southeast Norway,59.470814,9.402864,27.31
256,2021,Southeast Norway,59.470814,9.402864,31.37
257,2014,Southwest Norway,59.883286,5.926855,24.20759438
258,2015,Southwest Norway,59.883286,5.926855,31.15319288
259,2016,Southwest Norway,59.883286,5.926855,32.31550011
260,2017,Southwest Norway,59.883286,5.926855,35.75581269
261,2018,Southwest Norway,59.883286,5.926855,43.52222146
262,2019,Southwest Norway,59.883286,5.926855,50.34270791
263,2020,Southwest Norway,59.883286,5.926855,25.38
264,2021,Southwest Norway,59.883286,5.926855,33.72
265,2014,Middle Norway,62.07479,9.247596,39.96712404
266,2015,Middle Norway,62.07479,9.247596,40.41381086
267,2016,Middle Norway,62.07479,9.247596,40.93297922
268,2017,Middle Norway,62.07479,9.247596,34.78732371
269,2018,Middle Norway,62.07479,9.247596,46.53918633
270,2019,Middle Norway,62.07479,9.247596,38.33705633
271,2020,Middle Norway,62.07479,9.247596,28.28
272,2021,Middle Norway,62.07479,9.247596,27.81
273,2014,North Norway,64.597974,12.345251,69.16779351
274,2015,North Norway,64.597974,12.345251,70.6391852
275,2016,North Norway,64.597974,12.345251,60.2632502
276,2017,North Norway,64.597974,12.345251,54.05378559
277,2018,North Norway,64.597974,12.345251,59.3839342
278,2019,North Norway,64.597974,12.345251,58.59039316
279,2020,North Norway,64.597974,12.345251,30.78
280,2021,North Norway,64.597974,12.345251,30
281,2014,West Norway,61.937572,5.890097,33.7716213
282,2015,West Norway,61.937572,5.890097,36.2760116
283,2016,West Norway,61.937572,5.890097,36.99529183
284,2017,West Norway,61.937572,5.890097,39.43812755
285,2018,West Norway,61.937572,5.890097,41.17302356
286,2019,West Norway,61.937572,5.890097,39.70429769
287,2020,West Norway,61.937572,5.890097,32.75
288,2021,West Norway,61.937572,5.890097,38
289,2017,North Island,-38.00353045,175.9578526,185.1819705
290,2018,North Island,-38.00353045,175.9578526,167.5234405
291,2019,North Island,-38.00353045,175.9578526,177.583456
292,2020,North Island,-38.00353045,175.9578526,176.93
293,2021,North Island,-38.00353045,175.9578526,230.52
294,2017,South Island,-43.586562,171.2123294,38.16195604
295,2018,South Island,-43.586562,171.2123294,26.61038813
296,2019,South Island,-43.586562,171.2123294,24.88242468
297,2020,South Island,-43.586562,171.2123294,24.5
298,2021,South Island,-43.586562,171.2123294,28.1
299,2018,Siberia,60,100,355.4938497
300,2019,Siberia,60,100,409.5741182
301,2020,Siberia,60,100,502.63
302,2021,Siberia,60,100,472.45
303,2011,California,36.7014631,-118.755997,252.8213642
304,2012,California,36.7014631,-118.755997,311.8082943
305,2013,California,36.7014631,-118.755997,307.8690369
306,2014,California,36.7014631,-118.755997,309.0196892
307,2015,California,36.7014631,-118.755997,296.2467054
308,2016,California,36.7014631,-118.755997,249.5644764
309,2017,California,36.7014631,-118.755997,232.005474
310,2018,California,36.7014631,-118.755997,243.7944704
311,2019,California,36.7014631,-118.755997,230.8466435
312,2018,Imperial Irrigation District,32.84963885,-115.5663306,593.4441598
313,2019,Imperial Irrigation District,32.84963885,-115.5663306,589.5391088
314,2020,Imperial Irrigation District,32.84963885,-115.5663306,597.84
315,2021,Imperial Irrigation District,32.84963885,-115.5663306,573.75
316,2018,Los Angeles Department Of Water And Power,34.058128,-118.2495247,448.5592866
317,2019,Los Angeles Department Of Water And Power,34.058128,-118.2495247,378.7723925
318,2020,Los Angeles Department Of Water And Power,34.058128,-118.2495247,398.86
319,2021,Los Angeles Department Of Water And Power,34.058128,-118.2495247,374.28
320,2018,Turlock Irrigation District,37.7103813,-120.4343599,358.7927184
321,2019,Turlock Irrigation District,37.7103813,-120.4343599,299.2948179
322,2020,Turlock Irrigation District,37.7103813,-120.4343599,353.76
323,2021,Turlock Irrigation District,37.7103813,-120.4343599,347.72
324,2018,Duke Energy Progress East,35.7711311,-78.63982869,325.0585832
325,2019,Duke Energy Progress East,35.7711311,-78.63982869,315.7524839
326,2020,Duke Energy Progress East,35.7711311,-78.63982869,297.68
327,2021,Duke Energy Progress East,35.7711311,-78.63982869,302.22
328,2018,Duke Energy Progress West,29.620303,-82.021355,431.9780322
329,2019,Duke Energy Progress West,29.620303,-82.021355,404.2580142
330,2020,Duke Energy Progress West,29.620303,-82.021355,425.32
331,2021,Duke Energy Progress West,29.620303,-82.021355,460.16
332,2018,Duke Energy Carolinas,35.943486,-80.681401,285.0212825
333,2019,Duke Energy Carolinas,35.943486,-80.681401,274.2010258
334,2020,Duke Energy Carolinas,35.943486,-80.681401,250.98
335,2021,Duke Energy Carolinas,35.943486,-80.681401,282.24
336,2018,Gainesville Regional Utilities,29.6478944,-82.321982,600.0492508
337,2019,Gainesville Regional Utilities,29.6478944,-82.321982,635.0349389
338,2020,Gainesville Regional Utilities,29.6478944,-82.321982,586.08
339,2021,Gainesville Regional Utilities,29.6478944,-82.321982,634.8
340,2018,City Of Homestead,25.468086,-80.451827,431.5727906
341,2019,City Of Homestead,25.468086,-80.451827,405.399872
342,2020,City Of Homestead,25.468086,-80.451827,0.32
343,2021,City Of Homestead,25.468086,-80.451827,5.75
344,2018,JEA,30.422922,-81.616078,562.2818554
345,2019,JEA,30.422922,-81.616078,551.6214169
346,2020,JEA,30.422922,-81.616078,572.77
347,2021,JEA,30.422922,-81.616078,559.49
348,2018,City Of Tallahassee,30.4461113,-84.28273061,475.3929792
349,2019,City Of Tallahassee,30.4461113,-84.28273061,473.8444263
350,2020,City Of Tallahassee,30.4461113,-84.28273061,473.21
351,2021,City Of Tallahassee,30.4461113,-84.28273061,468.99
352,2019,Oahu,21.48343645,-158.0364837,628.7329038
353,2020,Oahu,21.48343645,-158.0364837,614.57
354,2021,Oahu,21.48343645,-158.0364837,596.29
355,2018,IPC,43.794971,-114.256538,255.0732277
356,2019,IPC,43.794971,-114.256538,315.6493329
357,2013,MISO,40.579011,-90.238149,648.4536359
358,2014,MISO,40.579011,-90.238149,612.9534502
359,2015,MISO,40.579011,-90.238149,565.3108426
360,2016,MISO,40.579011,-90.238149,544.4387785
361,2017,MISO,40.579011,-90.238149,545.068896
362,2018,MISO,40.579011,-90.238149,541.4815832
363,2019,MISO,40.579011,-90.238149,502.7425669
364,2014,New England,44.561702,-70.788567,269.2521288
365,2015,New England,44.561702,-70.788567,300.0305951
366,2016,New England,44.561702,-70.788567,285.8186571
367,2017,New England,44.561702,-70.788567,276.7223815
368,2018,New England,44.561702,-70.788567,260.3977647
369,2019,New England,44.561702,-70.788567,259.1125176
370,2018,Avista Corporation,47.67466055,-117.688212,254.8044252
371,2019,Avista Corporation,47.67466055,-117.688212,209.8632816
372,2020,Avista Corporation,47.67466055,-117.688212,204.51
373,2021,Avista Corporation,47.67466055,-117.688212,183.32
374,2018,Bonneville Power Administration,47.3499838,-122.1203864,132.5329759
375,2019,Bonneville Power Administration,47.3499838,-122.1203864,119.6377064
376,2020,Bonneville Power Administration,47.3499838,-122.1203864,77.85
377,2021,Bonneville Power Administration,47.3499838,-122.1203864,81.56
378,2018,Idaho Power Company,43.61881665,-116.2081859,390.2703439
379,2019,Idaho Power Company,43.61881665,-116.2081859,311.6075541
380,2020,Idaho Power Company,43.61881665,-116.2081859,333.65
381,2021,Idaho Power Company,43.61881665,-116.2081859,293.29
382,2018,Northwestern Energy,46.187792,-117.081904,571.3947947
383,2019,Northwestern Energy,46.187792,-117.081904,549.1934649
384,2020,Northwestern Energy,46.187792,-117.081904,441.21
,2021,Northwestern Energy,46.187792,-117.081904,504.92
,2018,Northwestern Energy,48.774046,-112.171142,571.3947947
,2019,Northwestern Energy,48.774046,-112.171142,549.1934649
,2020,Northwestern Energy,48.774046,-112.171142,441.21
385,2021,Northwestern Energy,48.774046,-112.171142,504.92
386,2018,Pacificorp East,41.237577,-111.863472,592.3097629
387,2019,Pacificorp East,41.237577,-111.863472,560.6063615
388,2020,Pacificorp East,41.237577,-111.863472,552.91
389,2021,Pacificorp East,41.237577,-111.863472,510.72
390,2018,Public Service Company Of Colorado,39.214304,-106.301352,575.689725
391,2019,Public Service Company Of Colorado,40.214304,-106.301352,534.4944594
392,2020,Public Service Company Of Colorado,41.214304,-106.301352,450.72
393,2021,Public Service Company Of Colorado,42.214304,-106.301352,479.13
394,2018,Puget Sound Energy,48.819555,-122.245163,242.996993
395,2019,Puget Sound Energy,48.819555,-122.245163,269.2512831
396,2020,Puget Sound Energy,48.819555,-122.245163,207.58
397,2021,Puget Sound Energy,48.819555,-122.245163,185.58
398,2018,Seattle City Light,47.70051175,-122.3414746,101.4584151
399,2019,Seattle City Light,47.70051175,-122.3414746,91.55737394
400,2018,New York,42.697639,-75.036724,241.1898828
401,2019,New York,42.697639,-75.036724,222.3985491
402,2015,PJM,40.946041,-77.451961,423.3229256
403,2016,PJM,40.946041,-77.451961,419.2939627
404,2017,PJM,40.946041,-77.451961,399.8160033
405,2018,PJM,40.946041,-77.451961,396.9292724
406,2019,PJM,40.946041,-77.451961,380.1530412
407,2018,South Carolina,33.6874388,-80.4363743,690.8546997
408,2019,South Carolina,33.6874388,-80.4363743,661.7029804
409,2011,SPP,37.704939,-99.825109,638.3429036
410,2012,SPP,37.704939,-99.825109,614.7708296
411,2013,SPP,37.704939,-99.825109,607.6915659
412,2014,SPP,37.704939,-99.825109,587.2555547
413,2015,SPP,37.704939,-99.825109,557.7982511
414,2016,SPP,37.704939,-99.825109,470.0527714
415,2017,SPP,37.704939,-99.825109,476.7799138
416,2018,SPP,37.704939,-99.825109,464.0813209
417,2019,SPP,37.704939,-99.825109,412.612355
,2011,SPP,46.737811,-101.444146,638.3429036
,2012,SPP,46.737811,-101.444146,614.7708296
,2013,SPP,46.737811,-101.444146,607.6915659
,2014,SPP,46.737811,-101.444146,587.2555547
,2015,SPP,46.737811,-101.444146,557.7982511
,2016,SPP,46.737811,-101.444146,470.0527714
,2017,SPP,46.737811,-101.444146,476.7799138
,2018,SPP,46.737811,-101.444146,464.0813209
,2019,SPP,46.737811,-101.444146,412.612355
418,2018,El Paso Electric Company,31.155324,-105.038235,491.1783233
419,2019,El Paso Electric Company,31.155324,-105.038235,475.9635064
420,2020,El Paso Electric Company,31.155324,-105.038235,490.05
421,2021,El Paso Electric Company,31.155324,-105.038235,474.05
422,2018,Salt River Project,33.444041,-111.9402469,285.3620806
423,2019,Salt River Project,33.444041,-111.9402469,265.9745693
424,2020,Salt River Project,33.444041,-111.9402469,290.26
425,2021,Salt River Project,33.444041,-111.9402469,271.01
426,2018,Tennessee Valley Authority,35.999306,-85.655548,338.2117412
427,2019,Tennessee Valley Authority,35.999306,-85.655548,305.7434014
428,2020,Tennessee Valley Authority,35.999306,-85.655548,258.13
429,2021,Tennessee Valley Authority,35.999306,-85.655548,309.29
430,2018,Tennessee,35.7730076,-86.2820081,319.7480139
431,2019,Tennessee,35.7730076,-86.2820081,287.9437167
432,2018,ERCOT,30.21646,-97.6921548,443.0423895
433,2019,ERCOT,30.21646,-97.6921548,396.7852697
434,2018,Orkney Islands,58.983132,-3.059803,72.14781319
435,2019,Orkney Islands,58.983132,-3.059803,87.10420326
436,2020,Orkney Islands,58.983132,-3.059803,77.29
437,2021,Orkney Islands,58.983132,-3.059803,95.38
438,2015,Central North,43.824421,11.605542,230.7442203
439,2016,Central North,43.824421,11.605542,242.1412432
440,2017,Central North,43.824421,11.605542,275.9204502
441,2018,Central North,43.824421,11.605542,299.0444073
442,2019,Central North,43.824421,11.605542,290.8305011
443,2020,Central North,43.824421,11.605542,287.7
444,2021,Central North,43.824421,11.605542,260.58
445,2016,Chugoku,35.217652,132.859807,599.0846852
446,2017,Chugoku,35.217652,132.859807,586.9428557
447,2018,Chugoku,35.217652,132.859807,551.3971665
448,2019,Chugoku,35.217652,132.859807,523.3807108
449,2020,Chugoku,35.217652,132.859807,
450,2021,Chugoku,35.217652,132.859807,
451,2016,Hokkaido,43.409073,142.664039,512.2173449
452,2017,Hokkaido,43.409073,142.664039,544.9196115
453,2018,Hokkaido,43.409073,142.664039,513.5188895
454,2019,Hokkaido,43.409073,142.664039,533.6692424
455,2020,Hokkaido,43.409073,142.664039,
456,2021,Hokkaido,43.409073,142.664039,
457,2016,Kyushu,32.573154,130.810633,506.2630916
458,2017,Kyushu,32.573154,130.810633,501.1099052
459,2018,Kyushu,32.573154,130.810633,442.559561
460,2019,Kyushu,32.573154,130.810633,387.0541232
461,2020,Kyushu,32.573154,130.810633,507.67
462,2021,Kyushu,32.573154,130.810633,379.89
463,2016,Tohoku,40.812792,141.261948,574.4377651
464,2017,Tohoku,40.812792,141.261948,561.1731166
465,2018,Tohoku,40.812792,141.261948,552.3982888
466,2019,Tohoku,40.812792,141.261948,544.0986658
467,2020,Tohoku,40.812792,141.261948,
468,2021,Tohoku,40.812792,141.261948,
469,2018,European Russia and Ural,59.04429,46.083634,358.9483393
470,2019,European Russia and Ural,59.04429,46.083634,355.9664892
471,2020,European Russia and Ural,59.04429,46.083634,350.77
472,2021,European Russia and Ural,59.04429,46.083634,357.65
473,2018,BPA,48.799951,-122.610406,78.88729971
474,2019,BPA,48.799951,-122.610406,77.0133852
475,2018,Balancing Authority Of Northern California,39.629688,-122.490522,296.8811497
476,2019,Balancing Authority Of Northern California,39.629688,-122.490522,220.8254401
477,2020,Balancing Authority Of Northern California,39.629688,-122.490522,280.49
478,2021,Balancing Authority Of Northern California,39.629688,-122.490522,260.23
479,2018,California Independent System Operator,0,0,285.6670334
480,2019,California Independent System Operator,0,0,251.1713658
481,2020,California Independent System Operator,0,0,297.77
482,2021,California Independent System Operator,0,0,262.1
483,2018,South Carolina Public Service Authority,0,0,568.2773647
484,2019,South Carolina Public Service Authority,0,0,499.5429401
485,2020,South Carolina Public Service Authority,0,0,489.34
486,2021,South Carolina Public Service Authority,0,0,517.87
487,2018,South Carolina Electric & Gas Company,0,0,491.2345156
488,2019,South Carolina Electric & Gas Company,0,0,420.7965088
489,2020,South Carolina Electric & Gas Company,0,0,383
490,2021,South Carolina Electric & Gas Company,0,0,390.57
491,2018,"Alcoa Power Generating, Inc. Yadkin Division",0,0,57.01922242
492,2019,"Alcoa Power Generating, Inc. Yadkin Division",0,0,58.39357814
493,2020,"Alcoa Power Generating, Inc. Yadkin Division",0,0,28.21
494,2021,"Alcoa Power Generating, Inc. Yadkin Division",0,0,40.36
495,2018,Southwestern Power Administration,0,0,314.7632897
496,2019,Southwestern Power Administration,0,0,155.2943503
497,2020,Southwestern Power Administration,0,0,265.75
498,2021,Southwestern Power Administration,0,0,167.84
499,2018,Southwest Power Pool,0,0,461.3464092
500,2019,Southwest Power Pool,0,0,404.8616534
501,2020,Southwest Power Pool,0,0,388.33
502,2021,Southwest Power Pool,0,0,411.98
503,2018,Florida Municipal Power Pool,0,0,567.7400398
504,2019,Florida Municipal Power Pool,0,0,550.0181419
505,2020,Florida Municipal Power Pool,0,0,573.45
506,2021,Florida Municipal Power Pool,0,0,547.21
507,2018,Duke Energy Florida Inc,0,0,502.2144871
508,2019,Duke Energy Florida Inc,0,0,479.8059653
509,2020,Duke Energy Florida Inc,0,0,500.48
510,2021,Duke Energy Florida Inc,0,0,521.97
511,2018,Florida Power & Light Company,0,0,407.2825778
512,2019,Florida Power & Light Company,0,0,390.5792641
513,2020,Florida Power & Light Company,0,0,409.11
514,2021,Florida Power & Light Company,0,0,397.64
515,2018,Seminole Electric Cooperative,0,0,701.9694989
516,2019,Seminole Electric Cooperative,0,0,678.9317946
517,2020,Seminole Electric Cooperative,0,0,681.87
518,2021,Seminole Electric Cooperative,0,0,664.42
519,2018,Tampa Electric Company,0,0,578.9660497
520,2019,Tampa Electric Company,0,0,551.5863794
521,2020,Tampa Electric Company,0,0,555.08
522,2021,Tampa Electric Company,0,0,548.02
523,2018,Ohio Valley Electric Corporation,0,0,778.3278762
524,2020,Ohio Valley Electric Corporation,0,0,
525,2021,Ohio Valley Electric Corporation,0,0,
526,2018,"PJM Interconnection, Llc",0,0,386.000922
527,2019,"PJM Interconnection, Llc",0,0,383.1098856
528,2020,"PJM Interconnection, Llc",0,0,362.6
529,2021,"PJM Interconnection, Llc",0,0,390.26
530,2018,"Associated Electric Cooperative, Inc.",0,0,643.8086344
531,2019,"Associated Electric Cooperative, Inc.",0,0,607.2110912
532,2020,"Associated Electric Cooperative, Inc.",0,0,596.62
533,2021,"Associated Electric Cooperative, Inc.",0,0,566.69
534,2018,"Electric Energy, Inc.",0,0,788.5554542
535,2019,"Electric Energy, Inc.",0,0,802.653135
536,2020,"Electric Energy, Inc.",0,0,
537,2021,"Electric Energy, Inc.",0,0,
538,2018,Louisville Gas And Electric Company And Kentucky Utilities,0,0,717.1889013
539,2019,Louisville Gas And Electric Company And Kentucky Utilities,0,0,712.8496689
540,2020,Louisville Gas And Electric Company And Kentucky Utilities,0,0,725.06
541,2021,Louisville Gas And Electric Company And Kentucky Utilities,0,0,725.08
542,2018,"Midcontinent Independent Transmission System Operator, Inc..",0,0,531.8361945
543,2019,"Midcontinent Independent Transmission System Operator, Inc..",0,0,478.7393046
544,2020,"Midcontinent Independent Transmission System Operator, Inc..",0,0,443.42
545,2021,"Midcontinent Independent Transmission System Operator, Inc..",0,0,477.15
546,2018,Iso New England Inc.,0,0,318.1288006
547,2019,Iso New England Inc.,0,0,294.1019179
548,2020,Iso New England Inc.,0,0,250.26
549,2021,Iso New England Inc.,0,0,259.87
550,2018,Avangrid Renewables Cooperative,0,0,11
551,2019,Avangrid Renewables Cooperative,0,0,79.30742495
552,2018,PUD No. 1 Of Chelan County,0,0,27.17622542
553,2019,PUD No. 1 Of Chelan County,0,0,26.58993304
554,2020,PUD No. 1 Of Chelan County,0,0,28.06
555,2021,PUD No. 1 Of Chelan County,0,0,25.77
556,2018,PUD No. 1 Of Douglas County,0,0,30.54816669
557,2019,PUD No. 1 Of Douglas County,0,0,30.53483768
558,2020,PUD No. 1 Of Douglas County,0,0,26.5
559,2021,PUD No. 1 Of Douglas County,0,0,27.38
560,2018,"PUD No. 2 Of Grant County, Washington",0,0,53.11618518
561,2019,"PUD No. 2 Of Grant County, Washington",0,0,50.47708931
562,2020,"PUD No. 2 Of Grant County, Washington",0,0,41.73
563,2021,"PUD No. 2 Of Grant County, Washington",0,0,44.78
564,2018,"Gridforce Energy Management, Llc",0,0,488.0532191
565,2019,"Gridforce Energy Management, Llc",0,0,489.1475427
566,2020,"Gridforce Energy Management, Llc",0,0,647.68
567,2021,"Gridforce Energy Management, Llc",0,0,467.08
568,2018,"Naturener Power Watch, Llc (Gwa)",0,0,15.09821861
569,2019,"Naturener Power Watch, Llc (Gwa)",0,0,16.31864148
570,2020,"Naturener Power Watch, Llc (Gwa)",0,0,21.43
571,2021,"Naturener Power Watch, Llc (Gwa)",0,0,16.27
572,2018,Nevada Power Company,0,0,503.5765984
573,2019,Nevada Power Company,0,0,480.7795024
574,2020,Nevada Power Company,0,0,471.03
575,2021,Nevada Power Company,0,0,452.91
576,2018,Pacificorp West,0,0,387.2966789
577,2019,Pacificorp West,0,0,359.5849813
578,2020,Pacificorp West,0,0,335.06
579,2021,Pacificorp West,0,0,313.82
580,2018,Portland General Electric Company,0,0,213.2374958
581,2019,Portland General Electric Company,0,0,191.2562497
582,2020,Portland General Electric Company,0,0,167.41
583,2021,Portland General Electric Company,0,0,179.09
584,2018,"City Of Tacoma, Department Of Public Utilities, Light Division",0,0,106.8160559
585,2019,"City Of Tacoma, Department Of Public Utilities, Light Division",0,0,98.05323235
586,2020,"City Of Tacoma, Department Of Public Utilities, Light Division",0,0,66.36
587,2021,"City Of Tacoma, Department Of Public Utilities, Light Division",0,0,63.02
588,2018,Western Area Power Administration - Rocky Mountain Region,0,0,580.4505906
589,2019,Western Area Power Administration - Rocky Mountain Region,0,0,561.1634832
590,2020,Western Area Power Administration - Rocky Mountain Region,0,0,581.31
591,2021,Western Area Power Administration - Rocky Mountain Region,0,0,566.02
592,2018,Western Area Power Administration UGP West,0,0,263.4708263
593,2019,Western Area Power Administration UGP West,0,0,311.5314136
594,2020,Western Area Power Administration UGP West,0,0,258.92
595,2021,Western Area Power Administration UGP West,0,0,285.47
596,2018,"Naturener Wind Watch, Llc",0,0,12.36953415
597,2019,"Naturener Wind Watch, Llc",0,0,12.46515552
598,2020,"Naturener Wind Watch, Llc",0,0,9.93
599,2021,"Naturener Wind Watch, Llc",0,0,10.17
600,2018,Powersouth Energy Cooperative,0,0,581.9945401
601,2019,Powersouth Energy Cooperative,0,0,538.0519248
602,2020,Powersouth Energy Cooperative,0,0,477.83
603,2021,Powersouth Energy Cooperative,0,0,481.08
604,2018,Southeastern Power Administration,0,0,145.4981267
605,2019,Southeastern Power Administration,0,0,125.2573422
606,2020,Southeastern Power Administration,0,0,52.25
607,2021,Southeastern Power Administration,0,0,22.26
608,2018,"Southern Company Services, Inc. - Trans",0,0,460.8205025
609,2019,"Southern Company Services, Inc. - Trans",0,0,437.5875149
610,2020,"Southern Company Services, Inc. - Trans",0,0,421.11
611,2021,"Southern Company Services, Inc. - Trans",0,0,434.03
612,2018,SVERI,0,0,461.1581343
613,2018,Arizona Public Service Company,0,0,310.989442
614,2019,Arizona Public Service Company,0,0,272.3909244
615,2020,Arizona Public Service Company,0,0,434.04
616,2021,Arizona Public Service Company,0,0,400.51
617,2018,"Arlington Valley, LLC",0,0,490
618,2019,"Arlington Valley, LLC",0,0,490
619,2018,"Griffith Energy, LLC",0,0,490.0000228
620,2019,"Griffith Energy, LLC",0,0,489.9966229
621,2020,"Griffith Energy, LLC",0,0,282.96
622,2021,"Griffith Energy, LLC",0,0,35.99
623,2018,"New Harquahala Generating Company, LLC",0,0,490
624,2020,"New Harquahala Generating Company, LLC",0,0,
625,2021,"New Harquahala Generating Company, LLC",0,0,4.99
626,2018,Public Service Company Of New Mexico,0,0,529.692719
627,2019,Public Service Company Of New Mexico,0,0,492.4204392
628,2020,Public Service Company Of New Mexico,0,0,527.53
629,2021,Public Service Company Of New Mexico,0,0,500.68
630,2018,Tucson Electric Power Company,0,0,548.5543575
631,2019,Tucson Electric Power Company,0,0,520.5418215
632,2020,Tucson Electric Power Company,0,0,561.58
633,2021,Tucson Electric Power Company,0,0,487.68
634,2018,Western Area Power Administration - Desert Southwest Region,0,0,489.9865082
635,2019,Western Area Power Administration - Desert Southwest Region,0,0,326.9929892
636,2020,Western Area Power Administration - Desert Southwest Region,0,0,389.48
637,2021,Western Area Power Administration - Desert Southwest Region,0,0,337.65
638,2018,"Electric Reliability Council Of Texas, Inc.",0,0,442.7343033
639,2019,"Electric Reliability Council Of Texas, Inc.",0,0,391.5687277
640,2020,"Electric Reliability Council Of Texas, Inc.",0,0,381.05
641,2021,"Electric Reliability Council Of Texas, Inc.",0,0,376.61
